url,id,updated_at,created_at,title,lat,lon,regione,provincia,labels,milestone,image,data,body,state
https://github.com/emergenzeHack/europehelp.info_segnalazioni/issues/64,1164580112,2022-03-10 22:17:22,2022-03-10 00:03:59,Raccolta medicinali e materiali sanitari in tutte le farmacie di Roma   e provincia - dal 9 al 16 marzo,,,,,"[""Valid/Accettato"", ""Services"", ""healtcare""]","Milestone(title=""17 marzo"", number=1)",,"{""address"": {""address"": {""address"": {""city"": ""Roma"", ""country"": ""Italia"", ""country_code"": ""it"", ""county"": ""Roma Capitale"", ""state"": ""Lazio""}, ""boundingbox"": [""41.6556417"", ""42.1410285"", ""12.2344669"", ""12.8557603""], ""class"": ""boundary"", ""display_name"": ""Roma, Roma Capitale, Lazio, Italia"", ""icon"": ""https://nominatim.openstreetmap.org/ui/mapicons//poi_boundary_administrative.p.20.png"", ""importance"": 0.8996107180689524, ""lat"": ""41.8933203"", ""licence"": ""Data \u00a9 OpenStreetMap contributors, ODbL 1.0. https://osm.org/copyright"", ""lon"": ""12.4829321"", ""osm_id"": 41485, ""osm_type"": ""relation"", ""place_id"": 283767136, ""type"": ""administrative""}, ""mode"": ""autocomplete""}, ""description"": ""Raccolta medicinali e materiali sanitari in tutte le farmacie di Roma e provincia - dal 9 al 16 marzo"", ""iConfirmToHaveReadAndAcceptedInformativeToThreatPersonalData"": true, ""label"": ""services"", ""offerFromWho"": ""Federfarma Roma"", ""recipients"": """", ""submit"": true, ""title"": ""Farmacisti per l'Ucraina"", ""type"": ""healthcare"", ""url"": ""https://twitter.com/ukraineinfohelp/status/1501526286585499649?t=gG4S2XxlCPzIjVTQO5XYVQ&s=19""}","<pre><yamldata>
type: healthcare
offerFromWho: Federfarma Roma
title: Farmacisti per l'Ucraina
recipients: ''
description: Raccolta medicinali e materiali sanitari in tutte le farmacie di Roma
  e provincia - dal 9 al 16 marzo
url: 'https://twitter.com/ukraineinfohelp/status/1501526286585499649?t=gG4S2XxlCPzIjVTQO5XYVQ&s=19'
address:
  mode: autocomplete
  address:
    place_id: 283767136
    licence: Data ¬© OpenStreetMap contributors, ODbL 1.0. https://osm.org/copyright
    osm_type: relation
    osm_id: 41485
    boundingbox:
    - '41.6556417'
    - '42.1410285'
    - '12.2344669'
    - '12.8557603'
    lat: '41.8933203'
    lon: '12.4829321'
    display_name: Roma, Roma Capitale, Lazio, Italia
    class: boundary
    type: administrative
    importance: 0.8996107180689524
    icon: https://nominatim.openstreetmap.org/ui/mapicons//poi_boundary_administrative.p.20.png
    address:
      city: Roma
      county: Roma Capitale
      state: Lazio
      country: Italia
      country_code: it
iConfirmToHaveReadAndAcceptedInformativeToThreatPersonalData: true
label: services
submit: true
</yamldata></pre>",open
https://github.com/emergenzeHack/europehelp.info_segnalazioni/issues/63,1164577161,2022-03-10 22:10:19,2022-03-09 23:59:10,MEDU - Medici per i diritti umani apre raccolta fondi per emergenza Ucraina,41.8933203,12.4829321,Lazio,Roma,"[""Valid/Accettato"", ""fundraising""]",,,"{""Posizione"": ""41.8933203 12.4829321"", ""bicSwift"": ""CCRTIT2T84A"", ""causal"": ""EMERGENZA  UCRAINA"", ""ccPostal"": """", ""description"": ""Raccolta fondi sostenere gli interventi di MEDU in Italia ed in Romania. Info qui: https://mediciperidirittiumani.org/emergenza-ucraina-aiutaci-a-fare-la-nostra-parte/"", ""email"": ""comunicazione@mediciperidirittiumani.org"", ""heading"": ""Medici per i Diritti Umani"", ""iConfirmToHaveReadAndAcceptedPrivacyInformativeToThreatPersonalData"": true, ""iban"": ""IT38F0501803200000011130242"", ""label"": ""fundraising"", ""link"": ""https://mediciperidirittiumani.org/sostieni/?fbclid=IwAR3Tf0M0mRplWwkVsS6pUJHSKW233aWhbJ4FpKWxSR9jurcl_k_4iT5xxfc#dona"", ""location"": {""address"": {""address"": {""city"": ""Roma"", ""country"": ""Italia"", ""country_code"": ""it"", ""county"": ""Roma Capitale"", ""state"": ""Lazio""}, ""boundingbox"": [""41.6556417"", ""42.1410285"", ""12.2344669"", ""12.8557603""], ""class"": ""boundary"", ""display_name"": ""Roma, Roma Capitale, Lazio, Italia"", ""icon"": ""https://nominatim.openstreetmap.org/ui/mapicons//poi_boundary_administrative.p.20.png"", ""importance"": 0.7896107180689524, ""lat"": ""41.8933203"", ""licence"": ""Data \u00a9 OpenStreetMap contributors, ODbL 1.0. https://osm.org/copyright"", ""lon"": ""12.4829321"", ""osm_id"": 41485, ""osm_type"": ""relation"", ""place_id"": 283767136, ""type"": ""administrative""}, ""mode"": ""autocomplete""}, ""submit"": true, ""title"": ""MEDU - Medici per i diritti umani""}","<pre><yamldata>
title: MEDU - Medici per i diritti umani
description: 'Raccolta fondi sostenere gli interventi di MEDU in Italia ed in Romania.
  Info qui: https://mediciperidirittiumani.org/emergenza-ucraina-aiutaci-a-fare-la-nostra-parte/'
heading: Medici per i Diritti Umani
iban: IT38F0501803200000011130242
bicSwift: CCRTIT2T84A
ccPostal: ''
causal: EMERGENZA  UCRAINA
link: https://mediciperidirittiumani.org/sostieni/?fbclid=IwAR3Tf0M0mRplWwkVsS6pUJHSKW233aWhbJ4FpKWxSR9jurcl_k_4iT5xxfc#dona
email: comunicazione@mediciperidirittiumani.org
location:
  mode: autocomplete
  address:
    place_id: 283767136
    licence: Data ¬© OpenStreetMap contributors, ODbL 1.0. https://osm.org/copyright
    osm_type: relation
    osm_id: 41485
    boundingbox:
    - '41.6556417'
    - '42.1410285'
    - '12.2344669'
    - '12.8557603'
    lat: '41.8933203'
    lon: '12.4829321'
    display_name: Roma, Roma Capitale, Lazio, Italia
    class: boundary
    type: administrative
    importance: 0.7896107180689524
    icon: https://nominatim.openstreetmap.org/ui/mapicons//poi_boundary_administrative.p.20.png
    address:
      city: Roma
      county: Roma Capitale
      state: Lazio
      country: Italia
      country_code: it
iConfirmToHaveReadAndAcceptedPrivacyInformativeToThreatPersonalData: true
label: fundraising
submit: true
Posizione: 41.8933203 12.4829321
</yamldata></pre>",open
https://github.com/emergenzeHack/europehelp.info_segnalazioni/issues/57,1164274710,2022-03-10 22:09:16,2022-03-09 18:08:41,Raccolta fondi del Comune di Parma per emergenza Ucraina,44.8013678,10.3280833,Emilia-Romagna,Parma,"[""Valid/Accettato"", ""fundraising""]",,,"{""Posizione"": ""44.8013678 10.3280833"", ""bicSwift"": """", ""causal"": """", ""ccPostal"": """", ""description"": ""Il Comune di Parma attiva raccolta fondi per emergenza Ucraina. Tutte le info al link."", ""email"": """", ""heading"": """", ""iConfirmToHaveReadAndAcceptedPrivacyInformativeToThreatPersonalData"": true, ""iban"": """", ""label"": ""fundraising"", ""link"": ""https://twitter.com/ComuneParma/status/1501478652621561860?t=A9GYiVL7RBN0__ePHNpjzQ&s=19"", ""location"": {""address"": {""address"": {""city"": ""Parma"", ""country"": ""Italia"", ""country_code"": ""it"", ""county"": ""Parma"", ""postcode"": ""43121"", ""state"": ""Emilia-Romagna""}, ""boundingbox"": [""44.6413678"", ""44.9613678"", ""10.1680833"", ""10.4880833""], ""class"": ""place"", ""display_name"": ""Parma, Emilia-Romagna, 43121, Italia"", ""icon"": ""https://nominatim.openstreetmap.org/ui/mapicons//poi_place_city.p.20.png"", ""importance"": 0.7355734240168408, ""lat"": ""44.8013678"", ""licence"": ""Data \u00a9 OpenStreetMap contributors, ODbL 1.0. https://osm.org/copyright"", ""lon"": ""10.3280833"", ""osm_id"": 69300007, ""osm_type"": ""node"", ""place_id"": 285640881, ""type"": ""city""}, ""mode"": ""autocomplete""}, ""submit"": true, ""title"": ""Comune di Parma""}","<pre><yamldata>
title: Comune di Parma
description: Il Comune di Parma attiva raccolta fondi per emergenza Ucraina. Tutte
  le info al link.
heading: ''
iban: ''
bicSwift: ''
ccPostal: ''
causal: ''
link: https://twitter.com/ComuneParma/status/1501478652621561860?t=A9GYiVL7RBN0__ePHNpjzQ&s=19
email: ''
location:
  mode: autocomplete
  address:
    place_id: 285640881
    licence: Data ¬© OpenStreetMap contributors, ODbL 1.0. https://osm.org/copyright
    osm_type: node
    osm_id: 69300007
    boundingbox:
    - '44.6413678'
    - '44.9613678'
    - '10.1680833'
    - '10.4880833'
    lat: '44.8013678'
    lon: '10.3280833'
    display_name: Parma, Emilia-Romagna, 43121, Italia
    class: place
    type: city
    importance: 0.7355734240168408
    icon: https://nominatim.openstreetmap.org/ui/mapicons//poi_place_city.p.20.png
    address:
      city: Parma
      county: Parma
      state: Emilia-Romagna
      postcode: '43121'
      country: Italia
      country_code: it
iConfirmToHaveReadAndAcceptedPrivacyInformativeToThreatPersonalData: true
label: fundraising
submit: true
Posizione: 44.8013678 10.3280833
</yamldata></pre>",open
https://github.com/emergenzeHack/europehelp.info_segnalazioni/issues/56,1164273182,2022-03-10 18:10:34,2022-03-09 18:07:10,Regione Piemonte raccoglie disponibilit√† dei cittadini ad accogliere profughi ucraini,,,,,"[""Valid/Accettato"", ""Services"", ""hospitality""]",,,"{""address"": {""address"": {""address"": {""city"": ""Torino"", ""country"": ""Italia"", ""country_code"": ""it"", ""county"": ""Torino"", ""state"": ""Piemonte""}, ""boundingbox"": [""45.0067924"", ""45.1402175"", ""7.5778348"", ""7.7733388""], ""class"": ""boundary"", ""display_name"": ""Torino, Piemonte, Italia"", ""icon"": ""https://nominatim.openstreetmap.org/ui/mapicons//poi_boundary_administrative.p.20.png"", ""importance"": 0.8068062387577691, ""lat"": ""45.0677551"", ""licence"": ""Data \u00a9 OpenStreetMap contributors, ODbL 1.0. https://osm.org/copyright"", ""lon"": ""7.6824892"", ""osm_id"": 43992, ""osm_type"": ""relation"", ""place_id"": 284787924, ""type"": ""administrative""}, ""mode"": ""autocomplete""}, ""description"": ""La Regione Piemonte ha avviato una ricognizione su tutto il territorio delle disponibilit\u00e0 di famiglie e singoli all\u2019accoglienza temporanea dei nuclei famigliari provenienti dell\u2019Ucraina, composti in gran parte da donne (mamme, nonne, e zie) con figli anche minori al seguito, in fuga dalle zone di conflitto.\nChi lo desidera pu\u00f2 manifestare la propria disponibilit\u00e0 all\u2019accoglienza in casa compilando un modulo on line.\n\u00c8 inoltre attiva la mail accoglienza.ucraina@regione.piemonte.it per richieste di informazioni sull\u2019accoglienza di chi sta fuggendo dalla guerra in Ucraina.\nTutte le info al link."", ""iConfirmToHaveReadAndAcceptedInformativeToThreatPersonalData"": true, ""label"": ""services"", ""offerFromWho"": ""Regione Piemonte"", ""recipients"": """", ""submit"": true, ""title"": ""Regione Piemonte raccoglie disponibilit\u00e0 dei cittadini ad accogliere profughi ucraini"", ""type"": ""hospitality"", ""url"": ""https://www.regione.piemonte.it/web/temi/diritti-politiche-sociali/piemonte-per-lucraina""}","<pre><yamldata>
type: hospitality
offerFromWho: Regione Piemonte
title: Regione Piemonte raccoglie disponibilit√† dei cittadini ad accogliere profughi
  ucraini
recipients: ''
description: 'La Regione Piemonte ha avviato una ricognizione su tutto il territorio
  delle disponibilit√† di famiglie e singoli all‚Äôaccoglienza temporanea dei nuclei
  famigliari provenienti dell‚ÄôUcraina, composti in gran parte da donne (mamme, nonne,
  e zie) con figli anche minori al seguito, in fuga dalle zone di conflitto.

  Chi lo desidera pu√≤ manifestare la propria disponibilit√† all‚Äôaccoglienza in casa
  compilando un modulo on line.

  √à inoltre attiva la mail accoglienza.ucraina@regione.piemonte.it per richieste di
  informazioni sull‚Äôaccoglienza di chi sta fuggendo dalla guerra in Ucraina.

  Tutte le info al link.'
url: https://www.regione.piemonte.it/web/temi/diritti-politiche-sociali/piemonte-per-lucraina
address:
  mode: autocomplete
  address:
    place_id: 284787924
    licence: Data ¬© OpenStreetMap contributors, ODbL 1.0. https://osm.org/copyright
    osm_type: relation
    osm_id: 43992
    boundingbox:
    - '45.0067924'
    - '45.1402175'
    - '7.5778348'
    - '7.7733388'
    lat: '45.0677551'
    lon: '7.6824892'
    display_name: Torino, Piemonte, Italia
    class: boundary
    type: administrative
    importance: 0.8068062387577691
    icon: https://nominatim.openstreetmap.org/ui/mapicons//poi_boundary_administrative.p.20.png
    address:
      city: Torino
      county: Torino
      state: Piemonte
      country: Italia
      country_code: it
iConfirmToHaveReadAndAcceptedInformativeToThreatPersonalData: true
label: services
submit: true
</yamldata></pre>",open
https://github.com/emergenzeHack/europehelp.info_segnalazioni/issues/62,1164309482,2022-03-09 18:47:53,2022-03-09 18:45:32,Il Comitato Salva Ucraini di Palermo cerca volontari che parlino ucraino e italiano,38.1112268,13.3524434,Sicilia,Palermo,"[""Valid/Accettato"", ""Help""]",,,"{""Posizione"": ""38.1112268 13.3524434"", ""description"": ""Il Comitato Salva Ucraini di Palermo cerca volontari che parlino ucraino e italiano per aiutare i rifugiati ucraini in arrivo a Palermo.\nIl gruppo ha attivato anche una chat Telegram (vedi link)."", ""email"": ""salva.ucraini.palermo@gmail.com"", ""iConfirmToHaveReadAndAcceptedPrivacyInformativeToThreatPersonalData"": true, ""label"": ""help"", ""location"": {""address"": {""address"": {""city"": ""Palermo"", ""country"": ""Italia"", ""country_code"": ""it"", ""county"": ""Palermo"", ""state"": ""Sicilia""}, ""boundingbox"": [""38.0499137"", ""38.2245866"", ""13.242219"", ""13.4520856""], ""class"": ""boundary"", ""display_name"": ""Palermo, Sicilia, Italia"", ""icon"": ""https://nominatim.openstreetmap.org/ui/mapicons//poi_boundary_administrative.p.20.png"", ""importance"": 0.7661148171447915, ""lat"": ""38.1112268"", ""licence"": ""Data \u00a9 OpenStreetMap contributors, ODbL 1.0. https://osm.org/copyright"", ""lon"": ""13.3524434"", ""osm_id"": 39513, ""osm_type"": ""relation"", ""place_id"": 284307182, ""type"": ""administrative""}, ""mode"": ""autocomplete""}, ""nameSurname"": ""Comitato Salva Ucraini Palermo"", ""phoneNumber"": """", ""recipients"": """", ""submit"": true, ""title"": ""Il Comitato Salva Ucraini di Palermo cerca volontari che parlino ucraino e italiano"", ""url"": ""https://t.me/ucraini_a_palermo""}","<pre><yamldata>
nameSurname: Comitato Salva Ucraini Palermo
phoneNumber: ''
email: salva.ucraini.palermo@gmail.com
title: Il Comitato Salva Ucraini di Palermo cerca volontari che parlino ucraino e
  italiano
recipients: ''
description: 'Il Comitato Salva Ucraini di Palermo cerca volontari che parlino ucraino
  e italiano per aiutare i rifugiati ucraini in arrivo a Palermo.

  Il gruppo ha attivato anche una chat Telegram (vedi link).'
url: https://t.me/ucraini_a_palermo
location:
  mode: autocomplete
  address:
    place_id: 284307182
    licence: Data ¬© OpenStreetMap contributors, ODbL 1.0. https://osm.org/copyright
    osm_type: relation
    osm_id: 39513
    boundingbox:
    - '38.0499137'
    - '38.2245866'
    - '13.242219'
    - '13.4520856'
    lat: '38.1112268'
    lon: '13.3524434'
    display_name: Palermo, Sicilia, Italia
    class: boundary
    type: administrative
    importance: 0.7661148171447915
    icon: https://nominatim.openstreetmap.org/ui/mapicons//poi_boundary_administrative.p.20.png
    address:
      city: Palermo
      county: Palermo
      state: Sicilia
      country: Italia
      country_code: it
iConfirmToHaveReadAndAcceptedPrivacyInformativeToThreatPersonalData: true
label: help
submit: true
Posizione: 38.1112268 13.3524434
</yamldata></pre>",open
https://github.com/emergenzeHack/europehelp.info_segnalazioni/issues/55,1164266014,2022-03-09 18:01:42,2022-03-09 17:59:55,Associazione Nonna Roma attiva raccolta farmaci per Ucraina,,,,,"[""Valid/Accettato"", ""Services"", ""materialGoods"", ""healtcare""]",,,"{""address"": {""address"": {""address"": {""country"": ""Italia"", ""country_code"": ""it"", ""county"": ""Roma Capitale"", ""hamlet"": ""Colombella"", ""neighbourhood"": ""San Rocco"", ""postcode"": ""00036"", ""road"": ""Via Palmiro Togliatti - Tangenziale Valle del Ponte"", ""state"": ""Lazio"", ""town"": ""Palestrina""}, ""boundingbox"": [""41.8356208"", ""41.8360418"", ""12.883508"", ""12.8838463""], ""class"": ""highway"", ""display_name"": ""Via Palmiro Togliatti - Tangenziale Valle del Ponte, San Rocco, Colombella, Palestrina, Roma Capitale, Lazio, 00036, Italia"", ""importance"": 0.4, ""lat"": ""41.8359909"", ""licence"": ""Data \u00a9 OpenStreetMap contributors, ODbL 1.0. https://osm.org/copyright"", ""lon"": ""12.8838054"", ""osm_id"": 170600188, ""osm_type"": ""way"", ""place_id"": 141306985, ""type"": ""residential""}, ""mode"": ""autocomplete""}, ""description"": ""L'associazione Nonna Roma lancia a Roma una raccolta farmaci che sar\u00e0 destinata alla Croce Rossa Italiana ed inviata in Ucraina.\n\nI punti di raccolta farmaci sono i seguenti:\n\n\ud83d\udccd Sparwasser, via del Pigneto 215, tutte le sere dalle 19 in poi;\n\n\ud83d\udccd Nonna Roma,\nvia Palmiro Togliatti 979\n\u2013 tutti i marted\u00ec h. 15-19,\n\u2013 tutti i mercoled\u00ec h. 10-13 e 15-18,\n\u2013 tutti i venerd\u00ec h. 9-13;\n\n\ud83d\udccd Casale Garibaldi\nvia Romolo Balzani 87\ntutti i marted\u00ec h. 16-19\ntutti i mercoled\u00ec h. 10-13\n\n\ud83d\udccd Officine Civiche\nvia Arturo Malagoli, 16 Ciampino\ngioved\u00ec h. 17 -19."", ""iConfirmToHaveReadAndAcceptedInformativeToThreatPersonalData"": true, ""label"": ""services"", ""offerFromWho"": ""Associazione Nonna Roma"", ""recipients"": """", ""submit"": true, ""title"": ""Associazione Nonna Roma attiva raccolta farmaci per Ucraina"", ""type"": ""healthcare"", ""url"": ""https://nonnaroma.it/2022/03/08/raccolta-farmaci-per-la-popolazione-in-ucraina/""}","<pre><yamldata>
offerFromWho: Associazione Nonna Roma
title: Associazione Nonna Roma attiva raccolta farmaci per Ucraina
recipients: ''
description: 'L''associazione Nonna Roma lancia a Roma una raccolta farmaci che sar√†
  destinata alla Croce Rossa Italiana ed inviata in Ucraina.


  I punti di raccolta farmaci sono i seguenti:


  üìç Sparwasser, via del Pigneto 215, tutte le sere dalle 19 in poi;


  üìç Nonna Roma,

  via Palmiro Togliatti 979

  ‚Äì tutti i marted√¨ h. 15-19,

  ‚Äì tutti i mercoled√¨ h. 10-13 e 15-18,

  ‚Äì tutti i venerd√¨ h. 9-13;


  üìç Casale Garibaldi

  via Romolo Balzani 87

  tutti i marted√¨ h. 16-19

  tutti i mercoled√¨ h. 10-13


  üìç Officine Civiche

  via Arturo Malagoli, 16 Ciampino

  gioved√¨ h. 17 -19.'
url: https://nonnaroma.it/2022/03/08/raccolta-farmaci-per-la-popolazione-in-ucraina/
address:
  mode: autocomplete
  address:
    place_id: 141306985
    licence: Data ¬© OpenStreetMap contributors, ODbL 1.0. https://osm.org/copyright
    osm_type: way
    osm_id: 170600188
    boundingbox:
    - '41.8356208'
    - '41.8360418'
    - '12.883508'
    - '12.8838463'
    lat: '41.8359909'
    lon: '12.8838054'
    display_name: Via Palmiro Togliatti - Tangenziale Valle del Ponte, San Rocco,
      Colombella, Palestrina, Roma Capitale, Lazio, 00036, Italia
    class: highway
    type: residential
    importance: 0.4
    address:
      road: Via Palmiro Togliatti - Tangenziale Valle del Ponte
      neighbourhood: San Rocco
      hamlet: Colombella
      town: Palestrina
      county: Roma Capitale
      state: Lazio
      postcode: '00036'
      country: Italia
      country_code: it
iConfirmToHaveReadAndAcceptedInformativeToThreatPersonalData: true
label: services
submit: true
type: healthcare
</yamldata></pre>",open
https://github.com/emergenzeHack/europehelp.info_segnalazioni/issues/54,1164260772,2022-03-09 18:00:49,2022-03-09 17:54:30,In 215 farmacie della provincia di Bologna raccolta di farmaci per popolo ucraino,,,,,"[""Valid/Accettato"", ""Services"", ""materialGoods"", ""healtcare""]",,,"{""address"": {""address"": {""address"": {""city"": ""Bologna"", ""country"": ""Italia"", ""country_code"": ""it"", ""county"": ""Bologna"", ""state"": ""Emilia-Romagna""}, ""boundingbox"": [""44.421033"", ""44.556094"", ""11.2296206"", ""11.4336295""], ""class"": ""boundary"", ""display_name"": ""Bologna, Emilia-Romagna, Italia"", ""icon"": ""https://nominatim.openstreetmap.org/ui/mapicons//poi_boundary_administrative.p.20.png"", ""importance"": 0.7905771109268431, ""lat"": ""44.4938203"", ""licence"": ""Data \u00a9 OpenStreetMap contributors, ODbL 1.0. https://osm.org/copyright"", ""lon"": ""11.3426327"", ""osm_id"": 43172, ""osm_type"": ""relation"", ""place_id"": 283848615, ""type"": ""administrative""}, ""mode"": ""autocomplete""}, ""description"": ""In 215 farmacie della provincia di Bologna si pu\u00f2 acquistare un farmaco da banco o un dispositivo medico (tra quelli identificati dalla Croce rossa) per aiutare le vittime della guerra in Ucraina. A chi vorr\u00e0 farlo, la farmacia rilascia uno scontrino con codice fiscale che potr\u00e0 essere detratto nella dichiarazione dei redditi. La Croce rossa provveder\u00e0 a ritirare i farmaci consegnandoli a destinazione. Nel caso si abbia un farmaco non utilizzato ma correttamente conservato, in confezione integra, e con scadenza superiore a sei mesi, se ricompreso nella lista delle richieste della sanit\u00e0 ucraina, la farmacia lo verifica per includerlo nella raccolta."", ""iConfirmToHaveReadAndAcceptedInformativeToThreatPersonalData"": true, ""label"": ""services"", ""offerFromWho"": ""Federfarma Bologna"", ""recipients"": """", ""submit"": true, ""title"": ""In 215 farmacie della provincia di Bologna raccolta di farmaci per popolo ucraino"", ""type"": ""materialGoods"", ""url"": ""https://www.redattoresociale.it/article/notiziario/ucraina_a_bologna_215_farmacie_raccolgono_medicinali_da_donare#""}","<pre><yamldata>
type: materialGoods
offerFromWho: Federfarma Bologna
title: In 215 farmacie della provincia di Bologna raccolta di farmaci per popolo ucraino
recipients: ''
description: In 215 farmacie della provincia di Bologna si pu√≤ acquistare un farmaco
  da banco o un dispositivo medico (tra quelli identificati dalla Croce rossa) per
  aiutare le vittime della guerra in Ucraina. A chi vorr√† farlo, la farmacia rilascia
  uno scontrino con codice fiscale che potr√† essere detratto nella dichiarazione dei
  redditi. La Croce rossa provveder√† a ritirare i farmaci consegnandoli a destinazione.
  Nel caso si abbia un farmaco non utilizzato ma correttamente conservato, in confezione
  integra, e con scadenza superiore a sei mesi, se ricompreso nella lista delle richieste
  della sanit√† ucraina, la farmacia lo verifica per includerlo nella raccolta.
url: https://www.redattoresociale.it/article/notiziario/ucraina_a_bologna_215_farmacie_raccolgono_medicinali_da_donare#
address:
  mode: autocomplete
  address:
    place_id: 283848615
    licence: Data ¬© OpenStreetMap contributors, ODbL 1.0. https://osm.org/copyright
    osm_type: relation
    osm_id: 43172
    boundingbox:
    - '44.421033'
    - '44.556094'
    - '11.2296206'
    - '11.4336295'
    lat: '44.4938203'
    lon: '11.3426327'
    display_name: Bologna, Emilia-Romagna, Italia
    class: boundary
    type: administrative
    importance: 0.7905771109268431
    icon: https://nominatim.openstreetmap.org/ui/mapicons//poi_boundary_administrative.p.20.png
    address:
      city: Bologna
      county: Bologna
      state: Emilia-Romagna
      country: Italia
      country_code: it
iConfirmToHaveReadAndAcceptedInformativeToThreatPersonalData: true
label: services
submit: true
</yamldata></pre>",open
https://github.com/emergenzeHack/europehelp.info_segnalazioni/issues/46,1164025461,2022-03-09 16:02:37,2022-03-09 14:39:41,Brochure multilingue del Ministero dell‚ÄôInterno per profughi ucraini in Italia,,,,,"[""Valid/Accettato"", ""News"", ""Services"", ""hospitality"", ""document_data""]",,,"{""description"": ""Per tutti i cittadini ucraini che sono entrati e stanno entrando in Italia, il Dipartimento della Protezione Civile \u2013 in collaborazione con il Ministero dell\u2019Interno, le Prefetture, le Regioni e gli Enti Locali \u2013 sta predisponendo un piano di prima accoglienza per permettere loro la regolare permanenza sul territorio italiano.\n \nTutte le informazioni al riguardo sono contenute in una scheda, disponibile anche in lingua ucraina e inglese, che illustra gli obblighi sanitari da rispettare per far fronte alla pandemia, a chi rivolgersi per usufruire di un alloggio, le modalit\u00e0 per regolarizzare la propria posizione in Italia, e altre indicazioni utili.\n\nAl link la brochure."", ""iConfirmToHaveReadAndAcceptedPrivacyInformativeToThreatPersonalData"": true, ""label"": ""document_data"", ""link"": ""https://www.poliziadistato.it/articolo/386227a1a62155d822008675"", ""location"": {""address"": {}, ""mode"": ""autocomplete""}, ""submit"": true, ""title"": ""Brochure multilingue del Ministero dell\u2019Interno per profughi ucraini in Italia""}","<pre><yamldata>
title: Brochure multilingue del Ministero dell‚ÄôInterno per profughi ucraini in Italia
description: ""Per tutti i cittadini ucraini che sono entrati e stanno entrando in\
  \ Italia, il Dipartimento della Protezione Civile ‚Äì in collaborazione con il Ministero\
  \ dell‚ÄôInterno, le Prefetture, le Regioni e gli Enti Locali ‚Äì sta predisponendo\
  \ un piano di prima accoglienza per permettere loro la regolare permanenza sul territorio\
  \ italiano.\n \nTutte le informazioni al riguardo sono contenute in una scheda,\
  \ disponibile anche in lingua ucraina e inglese, che illustra gli obblighi sanitari\
  \ da rispettare per far fronte alla pandemia, a chi rivolgersi per usufruire di\
  \ un alloggio, le modalit√† per regolarizzare la propria posizione in Italia, e altre\
  \ indicazioni utili.\n\nAl link la brochure.""
link: https://www.poliziadistato.it/articolo/386227a1a62155d822008675
location:
  mode: autocomplete
  address: {}
label: document_data
iConfirmToHaveReadAndAcceptedPrivacyInformativeToThreatPersonalData: true
submit: true
</yamldata></pre>",open
https://github.com/emergenzeHack/europehelp.info_segnalazioni/issues/49,1164060552,2022-03-09 16:02:01,2022-03-09 15:04:32,A Lodi azienda sanitaria attiva hotspot territoriale di accoglienza per i cittadini ucraini,,,,,"[""Valid/Accettato"", ""Missing position"", ""Services"", ""healtcare""]",,,"{""address"": {""address"": {""address"": {""country"": ""Italia"", ""country_code"": ""it"", ""county"": ""Lodi"", ""neighbourhood"": ""Guatra"", ""postcode"": ""26866"", ""road"": ""Via Umberto I"", ""state"": ""Lombardia"", ""town"": ""Sant'Angelo Lodigiano"", ""village"": ""Galeotta""}, ""boundingbox"": [""45.2372892"", ""45.2383773"", ""9.4090166"", ""9.4096631""], ""class"": ""highway"", ""display_name"": ""Via Umberto I, Guatra, Galeotta, Sant'Angelo Lodigiano, Lodi, Lombardia, 26866, Italia"", ""importance"": 0.91, ""lat"": ""45.2380483"", ""licence"": ""Data \u00a9 OpenStreetMap contributors, ODbL 1.0. https://osm.org/copyright"", ""lon"": ""9.4092224"", ""osm_id"": 240658221, ""osm_type"": ""way"", ""place_id"": 161215418, ""type"": ""tertiary""}, ""mode"": ""autocomplete""}, ""description"": ""Attivato a Lodi un hotspot territoriale di accoglienza per i cittadini ucraini in arrivo in Italia presso il Punto Unico di Accesso della Casa di Comunit\u00e0 di Sant\u2019Angelo Lodigiano."", ""iConfirmToHaveReadAndAcceptedInformativeToThreatPersonalData"": true, ""label"": ""services"", ""offerFromWho"": ""Azienda Sanitaria di Lodi"", ""recipients"": """", ""submit"": true, ""title"": ""Attivato a Lodi un hotspot territoriale di accoglienza per i cittadini ucraini"", ""type"": ""healthcare"", ""url"": ""https://twitter.com/asstlodi/status/1501548401443356673?s=21""}","<pre><yamldata>
type: healthcare
offerFromWho: Azienda Sanitaria di Lodi
title: Attivato a Lodi un hotspot territoriale di accoglienza per i cittadini ucraini
recipients: ''
description: Attivato a Lodi un hotspot territoriale di accoglienza per i cittadini
  ucraini in arrivo in Italia presso il Punto Unico di Accesso della Casa di Comunit√†
  di Sant‚ÄôAngelo Lodigiano.
url: https://twitter.com/asstlodi/status/1501548401443356673?s=21
address:
  mode: autocomplete
  address:
    place_id: 161215418
    licence: Data ¬© OpenStreetMap contributors, ODbL 1.0. https://osm.org/copyright
    osm_type: way
    osm_id: 240658221
    boundingbox:
    - '45.2372892'
    - '45.2383773'
    - '9.4090166'
    - '9.4096631'
    lat: '45.2380483'
    lon: '9.4092224'
    display_name: Via Umberto I, Guatra, Galeotta, Sant'Angelo Lodigiano, Lodi, Lombardia,
      26866, Italia
    class: highway
    type: tertiary
    importance: 0.91
    address:
      road: Via Umberto I
      neighbourhood: Guatra
      village: Galeotta
      town: Sant'Angelo Lodigiano
      county: Lodi
      state: Lombardia
      postcode: '26866'
      country: Italia
      country_code: it
iConfirmToHaveReadAndAcceptedInformativeToThreatPersonalData: true
label: services
submit: true
</yamldata></pre>",open
https://github.com/emergenzeHack/europehelp.info_segnalazioni/issues/48,1164054881,2022-03-09 15:57:07,2022-03-09 15:00:41,Regione Valle D‚ÄôAosta attiva raccolta fondi per Ucraina,45.7370885,7.3196649,Valle d'Aosta,Aosta,"[""Valid/Accettato"", ""fundraising""]",,,"{""Posizione"": ""45.7370885 7.3196649"", ""bicSwift"": """", ""causal"": ""Emergenza Ucraina"", ""ccPostal"": """", ""description"": ""Come puoi aiutare l'accoglienza dei profughi ucraini in Valle d'Aosta? \nCon una donazione all\u2019IBAN\nIT73 G 03069 09606 100000005667\nintestato a Fondazione comunitaria della Valle d\u2019Aosta, causale 'Emergenza Ucraina'.\n\n\u260e\ufe0f Per informazioni numero verde 800 99 55 54"", ""email"": """", ""heading"": ""Fondazione comunitaria della Valle d\u2019Aosta"", ""iConfirmToHaveReadAndAcceptedPrivacyInformativeToThreatPersonalData"": true, ""iban"": ""IT73 G 03069 09606 100000005667"", ""label"": ""fundaraising"", ""link"": ""https://twitter.com/ustampavda/status/1501481384996704262?s=21"", ""location"": {""address"": {""address"": {""city"": ""Aosta"", ""country"": ""Italia"", ""country_code"": ""it"", ""postcode"": ""11100"", ""state"": ""Valle d'Aosta""}, ""boundingbox"": [""45.5770885"", ""45.8970885"", ""7.1596649"", ""7.4796649""], ""class"": ""place"", ""display_name"": ""Aosta, Valle d'Aosta, 11100, Italia"", ""icon"": ""https://nominatim.openstreetmap.org/ui/mapicons//poi_place_city.p.20.png"", ""importance"": 0.9769168953273978, ""lat"": ""45.7370885"", ""licence"": ""Data \u00a9 OpenStreetMap contributors, ODbL 1.0. https://osm.org/copyright"", ""lon"": ""7.3196649"", ""osm_id"": 252686619, ""osm_type"": ""node"", ""place_id"": 439149, ""type"": ""city""}, ""mode"": ""autocomplete""}, ""submit"": true, ""title"": ""Regione Valle d'Aosta""}","<pre><yamldata>
title: Regione Valle d'Aosta
description: ""Come puoi aiutare l'accoglienza dei profughi ucraini in Valle d'Aosta?\
  \ \nCon una donazione all‚ÄôIBAN\nIT73 G 03069 09606 100000005667\nintestato a Fondazione\
  \ comunitaria della Valle d‚ÄôAosta, causale 'Emergenza Ucraina'.\n\n‚òéÔ∏è Per informazioni\
  \ numero verde 800 99 55 54""
heading: Fondazione comunitaria della Valle d‚ÄôAosta
iban: IT73 G 03069 09606 100000005667
bicSwift: ''
ccPostal: ''
causal: Emergenza Ucraina
link: https://twitter.com/ustampavda/status/1501481384996704262?s=21
email: ''
location:
  mode: autocomplete
  address:
    place_id: 439149
    licence: Data ¬© OpenStreetMap contributors, ODbL 1.0. https://osm.org/copyright
    osm_type: node
    osm_id: 252686619
    boundingbox:
    - '45.5770885'
    - '45.8970885'
    - '7.1596649'
    - '7.4796649'
    lat: '45.7370885'
    lon: '7.3196649'
    display_name: Aosta, Valle d'Aosta, 11100, Italia
    class: place
    type: city
    importance: 0.9769168953273978
    icon: https://nominatim.openstreetmap.org/ui/mapicons//poi_place_city.p.20.png
    address:
      city: Aosta
      state: Valle d'Aosta
      postcode: '11100'
      country: Italia
      country_code: it
iConfirmToHaveReadAndAcceptedPrivacyInformativeToThreatPersonalData: true
label: fundaraising
submit: true
Posizione: 45.7370885 7.3196649
</yamldata></pre>",open
https://github.com/emergenzeHack/europehelp.info_segnalazioni/issues/53,1164074825,2022-03-09 15:47:19,2022-03-09 15:15:17,"Save the children Italia attiva Help Line per minori ucraini, famiglie e enti impegnati nell‚Äôaccoglienza",,,,,"[""Valid/Accettato"", ""Missing position"", ""Services"", ""hospitality"", ""Children""]",,,"{""address"": {""address"": {""address"": {""city"": ""Roma"", ""country"": ""Italia"", ""country_code"": ""it"", ""county"": ""Roma Capitale"", ""house_number"": ""9"", ""office"": ""Save the Children Italia"", ""postcode"": ""00184"", ""quarter"": ""Monti"", ""road"": ""Piazza di San Francesco di Paola"", ""state"": ""Lazio"", ""suburb"": ""Municipio Roma I""}, ""boundingbox"": [""41.8939153"", ""41.8940153"", ""12.4916895"", ""12.4917895""], ""class"": ""office"", ""display_name"": ""Save the Children Italia, 9, Piazza di San Francesco di Paola, Monti, Municipio Roma I, Roma, Roma Capitale, Lazio, 00184, Italia"", ""importance"": 0.9309999999999999, ""lat"": ""41.8939653"", ""licence"": ""Data \u00a9 OpenStreetMap contributors, ODbL 1.0. https://osm.org/copyright"", ""lon"": ""12.4917395"", ""osm_id"": 9094641317, ""osm_type"": ""node"", ""place_id"": 95476703, ""type"": ""ngo""}, ""mode"": ""autocomplete""}, ""description"": ""Helpine di SaveChildren a sostegno di bambini ucraini soli o con le loro famiglie, associazioni, Asl ed enti locali impegnati nell'accoglienza.\n Tel. 351 2202016. Ulteriori le info al link."", ""iConfirmToHaveReadAndAcceptedInformativeToThreatPersonalData"": true, ""label"": ""services"", ""offerFromWho"": ""Save The children Italia"", ""recipients"": ""Minori e famiglie ucraine"", ""submit"": true, ""title"": ""Save The children attiva help Line per minori ucraini, famiglie e enti impegnati nell\u2019accoglienza"", ""type"": ""children"", ""url"": ""https://www.facebook.com/46590675335/posts/10159891711955336/""}","<pre><yamldata>
type: children
offerFromWho: Save The children Italia
title: Save The children attiva help Line per minori ucraini, famiglie e enti impegnati
  nell‚Äôaccoglienza
recipients: Minori e famiglie ucraine
description: ""Helpine di SaveChildren a sostegno di bambini ucraini soli o con le\
  \ loro famiglie, associazioni, Asl ed enti locali impegnati nell'accoglienza.\n\
  \ Tel. 351 2202016. Ulteriori le info al link.""
url: https://www.facebook.com/46590675335/posts/10159891711955336/
address:
  mode: autocomplete
  address:
    place_id: 95476703
    licence: Data ¬© OpenStreetMap contributors, ODbL 1.0. https://osm.org/copyright
    osm_type: node
    osm_id: 9094641317
    boundingbox:
    - '41.8939153'
    - '41.8940153'
    - '12.4916895'
    - '12.4917895'
    lat: '41.8939653'
    lon: '12.4917395'
    display_name: Save the Children Italia, 9, Piazza di San Francesco di Paola, Monti,
      Municipio Roma I, Roma, Roma Capitale, Lazio, 00184, Italia
    class: office
    type: ngo
    importance: 0.9309999999999999
    address:
      office: Save the Children Italia
      house_number: '9'
      road: Piazza di San Francesco di Paola
      quarter: Monti
      suburb: Municipio Roma I
      city: Roma
      county: Roma Capitale
      state: Lazio
      postcode: 00184
      country: Italia
      country_code: it
iConfirmToHaveReadAndAcceptedInformativeToThreatPersonalData: true
label: services
submit: true
</yamldata></pre>",open
https://github.com/emergenzeHack/europehelp.info_segnalazioni/issues/52,1164068578,2022-03-09 15:46:19,2022-03-09 15:10:26,A Bergamo raccolta fondi a sostegno del popolo ucraino promossa da Caritas,45.6876737,9.6758972,Lombardia,Bergamo,"[""Valid/Accettato"", ""fundraising""]",,,"{""Posizione"": ""45.6876737 9.6758972"", ""bicSwift"": """", ""causal"": """", ""ccPostal"": """", ""description"": ""A Bergamo raccolta fondi a sostegno del popolo ucraino promossa da Caritas. Tutte le info al link."", ""email"": """", ""heading"": """", ""iConfirmToHaveReadAndAcceptedPrivacyInformativeToThreatPersonalData"": true, ""iban"": """", ""label"": ""fundaraising"", ""link"": ""https://www.caritasbergamo.it/ucraina-fermiamo-la-guerra-caritas-ha-avviato-una-raccolta-fondi-per-sostenere-gli-interventi-di-assistenza-umanitaria-ed-emergenziale/"", ""location"": {""address"": {""address"": {""city"": ""Bergamo"", ""country"": ""Italia"", ""country_code"": ""it"", ""county"": ""Bergamo"", ""house_number"": ""8"", ""postcode"": ""24125"", ""road"": ""Via del Conventino"", ""state"": ""Lombardia"", ""suburb"": ""Malpensata""}, ""boundingbox"": [""45.6876237"", ""45.6877237"", ""9.6758472"", ""9.6759472""], ""class"": ""place"", ""display_name"": ""8, Via del Conventino, Malpensata, Bergamo, Lombardia, 24125, Italia"", ""importance"": 0.6309999999999999, ""lat"": ""45.6876737"", ""licence"": ""Data \u00a9 OpenStreetMap contributors, ODbL 1.0. https://osm.org/copyright"", ""lon"": ""9.6758972"", ""osm_id"": 4287453851, ""osm_type"": ""node"", ""place_id"": 50087161, ""type"": ""house""}, ""mode"": ""autocomplete""}, ""submit"": true, ""title"": ""Caritas Bergamo""}","<pre><yamldata>
title: Caritas Bergamo
description: 'A Bergamo raccolta fondi a sostegno del popolo ucraino promossa da
  Caritas. Tutte le info al link.'
heading: ''
iban: ''
bicSwift: ''
ccPostal: ''
causal: ''
link: https://www.caritasbergamo.it/ucraina-fermiamo-la-guerra-caritas-ha-avviato-una-raccolta-fondi-per-sostenere-gli-interventi-di-assistenza-umanitaria-ed-emergenziale/
email: ''
location:
  mode: autocomplete
  address:
    place_id: 50087161
    licence: Data ¬© OpenStreetMap contributors, ODbL 1.0. https://osm.org/copyright
    osm_type: node
    osm_id: 4287453851
    boundingbox:
    - '45.6876237'
    - '45.6877237'
    - '9.6758472'
    - '9.6759472'
    lat: '45.6876737'
    lon: '9.6758972'
    display_name: 8, Via del Conventino, Malpensata, Bergamo, Lombardia, 24125, Italia
    class: place
    type: house
    importance: 0.6309999999999999
    address:
      house_number: '8'
      road: Via del Conventino
      suburb: Malpensata
      city: Bergamo
      county: Bergamo
      state: Lombardia
      postcode: '24125'
      country: Italia
      country_code: it
iConfirmToHaveReadAndAcceptedPrivacyInformativeToThreatPersonalData: true
label: fundaraising
submit: true
Posizione: 45.6876737 9.6758972
</yamldata></pre>",open
https://github.com/emergenzeHack/europehelp.info_segnalazioni/issues/51,1164065776,2022-03-09 15:45:15,2022-03-09 15:08:31,Attivo su Telegram un canale per la ricerca di familiari scomparsi in Ucraina dopo l'attacco russo,,,,,"[""Valid/Accettato"", ""News""]",,,"{""description"": ""Attivo su Telegram un canale per la ricerca di familiari scomparsi in Ucraina dopo l'attacco russo.\nQui il modulo da compilare per segnalare le persone di cui non si hanno pi\u00f9 notizie: docs.google.com/forms/d/e/1FAI\u2026"", ""iConfirmToHaveReadAndAcceptedPrivacyInformativeToThreatPersonalData"": true, ""label"": ""news"", ""link"": ""t.me/poshuk_znyklyh"", ""location"": {""address"": {""address"": {}, ""mode"": ""autocomplete""}, ""mode"": ""autocomplete""}, ""submit"": true, ""title"": ""Attivo su Telegram un canale per la ricerca di familiari scomparsi in Ucraina dopo l'attacco russo""}","<pre><yamldata>
title: Attivo su Telegram un canale per la ricerca di familiari scomparsi in Ucraina
  dopo l'attacco russo
description: 'Attivo su Telegram un canale per la ricerca di familiari scomparsi in
  Ucraina dopo l''attacco russo.

  Qui il modulo da compilare per segnalare le persone di cui non si hanno pi√π notizie:
  docs.google.com/forms/d/e/1FAI‚Ä¶'
link: t.me/poshuk_znyklyh
location:
  mode: autocomplete
  address:
    mode: autocomplete
    address: {}
label: news
iConfirmToHaveReadAndAcceptedPrivacyInformativeToThreatPersonalData: true
submit: true
</yamldata></pre>",open
https://github.com/emergenzeHack/europehelp.info_segnalazioni/issues/50,1164063114,2022-03-09 15:44:45,2022-03-09 15:06:31,Online Friendsofukraine.eu che offre servizi di telemidicina a ucraini colpiti dalla guerra,,,,,"[""Valid/Accettato"", ""News"", ""Services"", ""healtcare""]",,,"{""address"": {""address"": {}, ""mode"": ""autocomplete""}, ""description"": ""Online la piattaforma friendsofukraine.eu promossa da @Friends_of_UA che offre gratuitamente servizi di #telemedicina e dona dispositivi sanitari popolo ucraino colpito dalla guerra."", ""iConfirmToHaveReadAndAcceptedInformativeToThreatPersonalData"": true, ""label"": ""services"", ""offerFromWho"": ""Friends of Ukraine"", ""recipients"": """", ""submit"": true, ""title"": ""Online Friendsofukraine.eu che offre servizi di telemidicina a ucraini colpiti dalla guerra"", ""type"": ""healthcare"", ""url"": ""https://friendsofukraine.eu/""}","<pre><yamldata>
type: healthcare
offerFromWho: Friends of Ukraine
title: Online Friendsofukraine.eu che offre servizi di telemidicina a ucraini colpiti
  dalla guerra
recipients: ''
description: 'Online la piattaforma friendsofukraine.eu promossa da @Friends_of_UA
  che offre gratuitamente servizi di #telemedicina e dona dispositivi sanitari popolo
  ucraino colpito dalla guerra.'
url: https://friendsofukraine.eu/
address:
  mode: autocomplete
  address: {}
iConfirmToHaveReadAndAcceptedInformativeToThreatPersonalData: true
label: services
submit: true
</yamldata></pre>",open
https://github.com/emergenzeHack/europehelp.info_segnalazioni/issues/47,1164049917,2022-03-09 15:41:43,2022-03-09 14:57:42,Regione Lazio: informazioni importanti per i profughi ucraini,,,,,"[""Valid/Accettato"", ""Missing position"", ""Services"", ""hospitality"", ""healtcare""]",,,"{""address"": {""address"": {""address"": {""city"": ""Roma"", ""country"": ""Italia"", ""country_code"": ""it"", ""county"": ""Roma Capitale"", ""neighbourhood"": ""Ostiense"", ""office"": ""Regione Lazio"", ""postcode"": ""00100"", ""quarter"": ""Garbatella"", ""road"": ""Via Giovanni Genocchi"", ""state"": ""Lazio"", ""suburb"": ""Municipio Roma VIII""}, ""boundingbox"": [""41.858227"", ""41.8597856"", ""12.4936462"", ""12.4959306""], ""class"": ""office"", ""display_name"": ""Regione Lazio, Via Giovanni Genocchi, Garbatella, Ostiense, Municipio Roma VIII, Roma, Roma Capitale, Lazio, 00100, Italia"", ""importance"": 0.32100000000000006, ""lat"": ""41.8589212"", ""licence"": ""Data \u00a9 OpenStreetMap contributors, ODbL 1.0. https://osm.org/copyright"", ""lon"": ""12.495005572708482"", ""osm_id"": 2858119, ""osm_type"": ""relation"", ""place_id"": 327241895, ""type"": ""government""}, ""mode"": ""autocomplete""}, ""description"": ""Info utili in italiano e ucraino per i cittadini ucraini che arrivano nel Lazio."", ""iConfirmToHaveReadAndAcceptedInformativeToThreatPersonalData"": true, ""label"": ""services"", ""offerFromWho"": ""Regione Lazio"", ""recipients"": """", ""submit"": true, ""title"": ""Regione Lazio: informazioni per profughi ucraini"", ""type"": ""legal"", ""url"": ""https://facebook.com/100069073545055/posts/265699519075831/""}","<pre><yamldata>
type: legal
offerFromWho: Regione Lazio
title: 'Regione Lazio: informazioni per profughi ucraini'
recipients: ''
description: Info utili in italiano e ucraino per i cittadini ucraini che arrivano
  nel Lazio.
url: https://facebook.com/100069073545055/posts/265699519075831/
address:
  mode: autocomplete
  address:
    place_id: 327241895
    licence: Data ¬© OpenStreetMap contributors, ODbL 1.0. https://osm.org/copyright
    osm_type: relation
    osm_id: 2858119
    boundingbox:
    - '41.858227'
    - '41.8597856'
    - '12.4936462'
    - '12.4959306'
    lat: '41.8589212'
    lon: '12.495005572708482'
    display_name: Regione Lazio, Via Giovanni Genocchi, Garbatella, Ostiense, Municipio
      Roma VIII, Roma, Roma Capitale, Lazio, 00100, Italia
    class: office
    type: government
    importance: 0.32100000000000006
    address:
      office: Regione Lazio
      road: Via Giovanni Genocchi
      quarter: Garbatella
      neighbourhood: Ostiense
      suburb: Municipio Roma VIII
      city: Roma
      county: Roma Capitale
      state: Lazio
      postcode: '00100'
      country: Italia
      country_code: it
iConfirmToHaveReadAndAcceptedInformativeToThreatPersonalData: true
label: services
submit: true
</yamldata></pre>",open
https://github.com/emergenzeHack/europehelp.info_segnalazioni/issues/45,1164018646,2022-03-09 15:16:26,2022-03-09 14:34:22,"Emergenza Ucraina, in Lazio false raccolte fondi e furto di dati personali",41.7675656,12.2339473,Lazio,Roma,"[""Valid/Accettato"", ""fakenews""]",,,"{""Posizione"": ""41.7675656 12.2339473"", ""description"": ""Oltre a false raccolte fondi nel litorale laziale, tra Ostia e Fiumicino, un avvocato intervistato da Roma Today denuncia anche furti di dati personali a chi si offriva di ospitare rifugiati ucraini."", ""iConfirmToHaveReadAndAcceptedPrivacyInformativeToThreatPersonalData"": true, ""label"": ""fakenews"", ""link"": ""https://www.romatoday.it/cronaca/ucraina-truffe-raccolte-fondi.html"", ""location"": {""address"": {""address"": {""country"": ""Italia"", ""country_code"": ""it"", ""county"": ""Roma Capitale"", ""state"": ""Lazio"", ""town"": ""Fiumicino""}, ""boundingbox"": [""41.740906"", ""42.0202102"", ""12.1272725"", ""12.3168049""], ""class"": ""boundary"", ""display_name"": ""Fiumicino, Roma Capitale, Lazio, Italia"", ""icon"": ""https://nominatim.openstreetmap.org/ui/mapicons//poi_boundary_administrative.p.20.png"", ""importance"": 0.6288645539220377, ""lat"": ""41.7675656"", ""licence"": ""Data \u00a9 OpenStreetMap contributors, ODbL 1.0. https://osm.org/copyright"", ""lon"": ""12.2339473"", ""osm_id"": 41575, ""osm_type"": ""relation"", ""place_id"": 283947938, ""type"": ""administrative""}, ""mode"": ""autocomplete""}, ""submit"": true, ""title"": ""Emergenza Ucraina, in Lazio false raccolte fondi e furto di dati personali""}","<pre><yamldata>
title: Emergenza Ucraina, in Lazio false raccolte fondi e furto di dati personali
description: Oltre a false raccolte fondi nel litorale laziale, tra Ostia e Fiumicino,
  un avvocato intervistato da Roma Today denuncia anche furti di dati personali a
  chi si offriva di ospitare rifugiati ucraini.
link: https://www.romatoday.it/cronaca/ucraina-truffe-raccolte-fondi.html
location:
  mode: autocomplete
  address:
    place_id: 283947938
    licence: Data ¬© OpenStreetMap contributors, ODbL 1.0. https://osm.org/copyright
    osm_type: relation
    osm_id: 41575
    boundingbox:
    - '41.740906'
    - '42.0202102'
    - '12.1272725'
    - '12.3168049'
    lat: '41.7675656'
    lon: '12.2339473'
    display_name: Fiumicino, Roma Capitale, Lazio, Italia
    class: boundary
    type: administrative
    importance: 0.6288645539220377
    icon: https://nominatim.openstreetmap.org/ui/mapicons//poi_boundary_administrative.p.20.png
    address:
      town: Fiumicino
      county: Roma Capitale
      state: Lazio
      country: Italia
      country_code: it
label: fakenews
iConfirmToHaveReadAndAcceptedPrivacyInformativeToThreatPersonalData: true
submit: true
Posizione: 41.7675656 12.2339473
</yamldata></pre>",open
https://github.com/emergenzeHack/europehelp.info_segnalazioni/issues/44,1163143188,2022-03-09 07:54:17,2022-03-08 21:22:17,Ospedale Buzzi Milano raccoglie vestiti e accessori per bambini e mamme ucraine,,,,,"[""Valid/Accettato"", ""Missing position"", ""Services"", ""materialGoods"", ""Children"", ""women""]",,,"{""address"": {""address"": {""address"": {""amenity"": ""Ospedale dei Bambini \""Vittore Buzzi\"""", ""city"": ""Milano"", ""country"": ""Italia"", ""country_code"": ""it"", ""county"": ""Milano"", ""house_number"": ""28"", ""postcode"": ""20154"", ""quarter"": ""Sarpi"", ""road"": ""Via Lodovico Castelvetro"", ""state"": ""Lombardia"", ""suburb"": ""Municipio 8""}, ""boundingbox"": [""45.4848213"", ""45.4865785"", ""9.1653918"", ""9.1678818""], ""class"": ""amenity"", ""display_name"": ""Ospedale dei Bambini \""Vittore Buzzi\"", 28, Via Lodovico Castelvetro, Sarpi, Municipio 8, Milano, Lombardia, 20154, Italia"", ""icon"": ""https://nominatim.openstreetmap.org/ui/mapicons//health_hospital.p.20.png"", ""importance"": 0.31100000000000005, ""lat"": ""45.4858443"", ""licence"": ""Data \u00a9 OpenStreetMap contributors, ODbL 1.0. https://osm.org/copyright"", ""lon"": ""9.166968895924526"", ""osm_id"": 478299137, ""osm_type"": ""way"", ""place_id"": 208609040, ""type"": ""hospital""}, ""mode"": ""autocomplete""}, ""description"": ""All'ospedale Buzzi di Milano si raccolgono vestiti e accessori per bambini  (2 anni in su) e mamme ucraine. \nLa raccolta \u00e8 in via Castelvetro 22, angolo via Fauch\u00e8, ore 9.30-17.30 dal luned\u00ec al venerd\u00ec."", ""iConfirmToHaveReadAndAcceptedInformativeToThreatPersonalData"": true, ""label"": ""services"", ""offerFromWho"": ""Ospedale Buzzi di Milano"", ""recipients"": ""Cittadini"", ""submit"": true, ""title"": ""Ospedale Buzzi Milano raccoglie vestiti e accessori per bambini e mamme ucraine"", ""type"": ""materialGoods"", ""url"": ""https://www.milanotoday.it/attualita/bambini-profughi-buzzi.html""}","<pre><yamldata>
type: materialGoods
offerFromWho: Ospedale Buzzi di Milano
title: Ospedale Buzzi Milano raccoglie vestiti e accessori per bambini e mamme ucraine
recipients: Cittadini
description: ""All'ospedale Buzzi di Milano si raccolgono vestiti e accessori per bambini  (2 anni in su) e mamme ucraine. \nLa raccolta √® in via Castelvetro 22, angolo\
  \ via Fauch√®, ore 9.30-17.30 dal luned√¨ al venerd√¨.""
url: https://www.milanotoday.it/attualita/bambini-profughi-buzzi.html
address:
  mode: autocomplete
  address:
    place_id: 208609040
    licence: Data ¬© OpenStreetMap contributors, ODbL 1.0. https://osm.org/copyright
    osm_type: way
    osm_id: 478299137
    boundingbox:
    - '45.4848213'
    - '45.4865785'
    - '9.1653918'
    - '9.1678818'
    lat: '45.4858443'
    lon: '9.166968895924526'
    display_name: Ospedale dei Bambini ""Vittore Buzzi"", 28, Via Lodovico Castelvetro,
      Sarpi, Municipio 8, Milano, Lombardia, 20154, Italia
    class: amenity
    type: hospital
    importance: 0.31100000000000005
    icon: https://nominatim.openstreetmap.org/ui/mapicons//health_hospital.p.20.png
    address:
      amenity: Ospedale dei Bambini ""Vittore Buzzi""
      house_number: '28'
      road: Via Lodovico Castelvetro
      quarter: Sarpi
      suburb: Municipio 8
      city: Milano
      county: Milano
      state: Lombardia
      postcode: '20154'
      country: Italia
      country_code: it
iConfirmToHaveReadAndAcceptedInformativeToThreatPersonalData: true
label: services
submit: true
</yamldata></pre>",open
https://github.com/emergenzeHack/europehelp.info_segnalazioni/issues/42,1162736087,2022-03-08 16:11:47,2022-03-08 14:39:12,Comune di Venezia attiva sportello Emergenza Ucraina,,,,,"[""Valid/Accettato"", ""Missing position"", ""Services"", ""Legal"", ""Helpful Contact"", ""hospitality""]",,,"{""address"": {""address"": {""address"": {""amenity"": ""Comune di Venezia"", ""city"": ""Venezia"", ""country"": ""Italia"", ""country_code"": ""it"", ""county"": ""Venezia"", ""road"": ""Calle Chiesa Ognissanti"", ""state"": ""Veneto"", ""suburb"": ""Lido-Pellestrina"", ""village"": ""Pellestrina""}, ""boundingbox"": [""45.2731957"", ""45.2732957"", ""12.3009922"", ""12.3010922""], ""class"": ""amenity"", ""display_name"": ""Comune di Venezia, Calle Chiesa Ognissanti, Lido-Pellestrina, Pellestrina, Venezia, Veneto, Italia"", ""importance"": 0.31100000000000005, ""lat"": ""45.2732457"", ""licence"": ""Data \u00a9 OpenStreetMap contributors, ODbL 1.0. https://osm.org/copyright"", ""lon"": ""12.3010422"", ""osm_id"": 6958414086, ""osm_type"": ""node"", ""place_id"": 74210873, ""type"": ""townhall""}, ""mode"": ""autocomplete""}, ""description"": ""A Venezia attivo sportello Emergenza Ucraina del Comune che offre info,\\ \\ supporto, assistenza ai rifugiati ucraini e alle famiglie italiane ospitanti.\\n\\ Tel. 041041 (DIME), lun-ven ore 8-20. \\nEmail ucraina@comune.venezia.it \\n(In lingua\\ \\ italiana e ucraina)."", ""iConfirmToHaveReadAndAcceptedInformativeToThreatPersonalData"": true, ""label"": ""services"", ""offerFromWho"": ""Comune di Venezia"", ""recipients"": ""Rifugiati ucraini, famiglie ospitanti, cittadini"", ""submit"": true, ""title"": ""Comune di #Venezia attiva Sportello Emergenza #Ucraina"", ""type"": ""legal"", ""url"": ""https://live.comune.venezia.it/it/2022/03/informazioni-le-persone-provenienti-dallucraina-e-le-famiglie-ospitanti""}","<pre><yamldata>
type: legal
offerFromWho: Comune di Venezia
title: 'Comune di #Venezia attiva Sportello Emergenza #Ucraina'
recipients: Rifugiati ucraini, famiglie ospitanti, cittadini
description: A Venezia attivo sportello Emergenza Ucraina del Comune che offre info,\
  \ supporto, assistenza ai rifugiati ucraini e alle famiglie italiane ospitanti.\n\
  Tel. 041041 (DIME), lun-ven ore 8-20. \nEmail ucraina@comune.venezia.it \n(In lingua\
  \ italiana e ucraina).
url: https://live.comune.venezia.it/it/2022/03/informazioni-le-persone-provenienti-dallucraina-e-le-famiglie-ospitanti
address:
  mode: autocomplete
  address:
    place_id: 74210873
    licence: Data ¬© OpenStreetMap contributors, ODbL 1.0. https://osm.org/copyright
    osm_type: node
    osm_id: 6958414086
    boundingbox:
    - '45.2731957'
    - '45.2732957'
    - '12.3009922'
    - '12.3010922'
    lat: '45.2732457'
    lon: '12.3010422'
    display_name: Comune di Venezia, Calle Chiesa Ognissanti, Lido-Pellestrina, Pellestrina,
      Venezia, Veneto, Italia
    class: amenity
    type: townhall
    importance: 0.31100000000000005
    address:
      amenity: Comune di Venezia
      road: Calle Chiesa Ognissanti
      suburb: Lido-Pellestrina
      village: Pellestrina
      city: Venezia
      county: Venezia
      state: Veneto
      country: Italia
      country_code: it
iConfirmToHaveReadAndAcceptedInformativeToThreatPersonalData: true
label: services
submit: true
</yamldata></pre>",open
https://github.com/emergenzeHack/europehelp.info_segnalazioni/issues/43,1162811173,2022-03-08 16:03:28,2022-03-08 15:41:44,"File condiviso con aggiornamenti dai confini ucraini (tempi di attesa, altre info)",,,,,"[""Valid/Accettato"", ""News"", ""transport""]",,,"{""description"": ""Sul gruppo Telegram Italiani in Ucraina (https://t.me/italianiucraina/8874) pubblicato un Googlesheet con aggiornamenti dai confini ucraini, con tempi di attesa e chat di info.\n(Qui link al post originale https://t.me/italianiucraina/8874)"", ""iConfirmToHaveReadAndAcceptedPrivacyInformativeToThreatPersonalData"": true, ""label"": ""news"", ""link"": ""https://docs.google.com/spreadsheets/d/e/2PACX-1vTmKNAxZn2cPpBqPHnRx9Hc_GPzfi7U92h05hkNuES6pA8l7IcbfdRELMkTBWGcBFoRkUdwlnfX889X/pubhtml?gid=0&single=true&fbclid=IwAR1qTqmfhHYDYFB_N14kCXweiK3BWVGzSfIYlpnD1UhYU33c-Tm0LJQYSuw"", ""location"": {""address"": {""address"": {}, ""mode"": ""autocomplete""}, ""mode"": ""autocomplete""}, ""submit"": true, ""title"": ""File condiviso con aggiornamenti dai confini ucraini (tempi di attesa, altre info)""}","<pre><yamldata>
title: File condiviso con aggiornamenti dai confini ucraini (tempi di attesa, altre
  info)
description: 'Sul gruppo Telegram Italiani in Ucraina (https://t.me/italianiucraina/8874)
  pubblicato un Googlesheet con aggiornamenti dai confini ucraini, con tempi di attesa
  e chat di info.

  (Qui link al post originale https://t.me/italianiucraina/8874)'
link: https://docs.google.com/spreadsheets/d/e/2PACX-1vTmKNAxZn2cPpBqPHnRx9Hc_GPzfi7U92h05hkNuES6pA8l7IcbfdRELMkTBWGcBFoRkUdwlnfX889X/pubhtml?gid=0&single=true&fbclid=IwAR1qTqmfhHYDYFB_N14kCXweiK3BWVGzSfIYlpnD1UhYU33c-Tm0LJQYSuw
location:
  mode: autocomplete
  address:
    mode: autocomplete
    address: {}
label: news
iConfirmToHaveReadAndAcceptedPrivacyInformativeToThreatPersonalData: true
submit: true
</yamldata></pre>",open
https://github.com/emergenzeHack/europehelp.info_segnalazioni/issues/40,1161949488,2022-03-08 15:09:33,2022-03-07 21:34:37,Ukranian sign language services to support deaf refugees,,,,,"[""Valid/Accettato"", ""Services"", ""disability""]",,,"{""address"": {""address"": {""address"": {""city"": ""Reggio nell'Emilia"", ""country"": ""Italia"", ""country_code"": ""it"", ""county"": ""Reggio nell'Emilia"", ""state"": ""Emilia-Romagna""}, ""boundingbox"": [""44.6244638"", ""44.7744479"", ""10.4910178"", ""10.7733414""], ""class"": ""boundary"", ""display_name"": ""Reggio nell'Emilia, Emilia-Romagna, Italia"", ""icon"": ""https://nominatim.openstreetmap.org/ui/mapicons//poi_boundary_administrative.p.20.png"", ""importance"": 0.6725411725065691, ""lat"": ""44.6978389"", ""licence"": ""Data \u00a9 OpenStreetMap contributors, ODbL 1.0. https://osm.org/copyright"", ""lon"": ""10.6304971"", ""osm_id"": 43415, ""osm_type"": ""relation"", ""place_id"": 284543523, ""type"": ""administrative""}, ""mode"": ""autocomplete""}, ""description"": ""has set up a network of regional community/communication services to support Ukraine deaf refugees arriving in the Emilia Romagna region. These services aim to facilitate communication with local public bodies and public services thanks to deaf interpreters and mediators who know Ukrainian Sign Language.   Further info at emiliaromagna@ens.it  They released this signed video here attached: [https://youtube.com/watch?v=604vD8haZh8&feature=share](https://youtube.com/watch?v=604vD8haZh8&feature=share&fbclid=IwAR1_Pd9g8BXcSeZXSCrEU_1FrCxlhXs01r6TgXeNOo6NVzNfrFOm_LqBkos) EUD - The European Union of the Deaf  Christian Rathmann Debra Russell Arunas Brazas NRW: Deaf Refugees World Federation of the Deaf Ry Lorraine Leeson Anna Komarova Igor Chavrot"", ""iConfirmToHaveReadAndAcceptedInformativeToThreatPersonalData"": true, ""label"": ""services"", ""offerFromWho"": "". The Emilia-Romagna Regional Branch of the Italian Deaf Association  (ENS)"", ""recipients"": ""Deaf"", ""submit"": true, ""title"": ""LIS Service to support deaf refugees"", ""type"": ""disabilityServices"", ""url"": ""https://www.facebook.com/groups/ukraineinfo.help/permalink/451623253373295/""}","<pre><yamldata>
type: disabilityServices
offerFromWho: . The Emilia-Romagna Regional Branch of the Italian Deaf Association  (ENS)
title: LIS Service to support deaf refugees
recipients: Deaf
description: 'has set up a network of regional community/communication services to
  support Ukraine deaf refugees arriving in the Emilia Romagna region. These services
  aim to facilitate communication with local public bodies and public services thanks
  to deaf interpreters and mediators who know Ukrainian Sign Language.   Further info
  at emiliaromagna@ens.it  They released this signed video here attached: [https://youtube.com/watch?v=604vD8haZh8&feature=share](https://youtube.com/watch?v=604vD8haZh8&feature=share&fbclid=IwAR1_Pd9g8BXcSeZXSCrEU_1FrCxlhXs01r6TgXeNOo6NVzNfrFOm_LqBkos)
  EUD - The European Union of the Deaf  Christian Rathmann Debra Russell Arunas Brazas
  NRW: Deaf Refugees World Federation of the Deaf Ry Lorraine Leeson Anna Komarova
  Igor Chavrot'
url: https://www.facebook.com/groups/ukraineinfo.help/permalink/451623253373295/
address:
  mode: autocomplete
  address:
    place_id: 284543523
    licence: Data ¬© OpenStreetMap contributors, ODbL 1.0. https://osm.org/copyright
    osm_type: relation
    osm_id: 43415
    boundingbox:
    - '44.6244638'
    - '44.7744479'
    - '10.4910178'
    - '10.7733414'
    lat: '44.6978389'
    lon: '10.6304971'
    display_name: Reggio nell'Emilia, Emilia-Romagna, Italia
    class: boundary
    type: administrative
    importance: 0.6725411725065691
    icon: https://nominatim.openstreetmap.org/ui/mapicons//poi_boundary_administrative.p.20.png
    address:
      city: Reggio nell'Emilia
      county: Reggio nell'Emilia
      state: Emilia-Romagna
      country: Italia
      country_code: it
iConfirmToHaveReadAndAcceptedInformativeToThreatPersonalData: true
label: services
submit: true
</yamldata></pre>",open
